{"x": -0.290625, "y": 0.21666666666666667, "z": 0}